"education",
"community",
"committee",
"programme",
"authority",
"president",
"situation",
"secretary",
"knowledge",
"structure",
"attention",
"agreement",
"behaviour",
"treatment",
"operation",
"statement",
"equipment",
"provision",
"direction",
"character",
"condition",
"transport",
"principle",
"afternoon",
"reference",
"influence",
"executive",
"advantage",
"insurance",
"existence",
"telephone",
"selection",
"procedure",
"institute",
"challenge",
"gentleman",
"tradition",
"professor",
"newspaper",
"reduction",
"intention",
"criticism",
"technique",
"potential",
"inflation",
"interview",
"democracy",
"breakfast",
"pollution",
"formation",
"spokesman",
"candidate",
"emergency",
"liability",
"framework",
"household",
"recession",
"awareness",
"expansion",
"extension",
"furniture",
"personnel",
"defendant",
"promotion",
"landscape",
"ownership",
"solicitor",
"territory",
"plaintiff",
"objective",
"mechanism",
"exception",
"economics",
"confusion",
"frequency",
"discovery",
"childhood",
"infection",
"variation",
"inspector",
"expertise",
"paragraph",
"component",
"alexander",
"publicity",
"evolution",
"judgement",
"machinery",
"coalition",
"reception",
"catalogue",
"cathedral",
"departure",
"discourse",
"mortality",
"admission",
"classroom",
"substance",
"allowance",
"stability",
"cigarette",
"policeman",
"chemistry",
"scientist",
"chocolate",
"constable",
"sociology",
"passenger",
"commander",
"isolation",
"assistant",
"purchaser",
"assurance",
"amendment",
"consensus",
"complaint",
"champagne",
"necessity",
"neighbour",
"directive",
"incidence",
"residence",
"radiation",
"diagnosis",
"interface",
"remainder",
"relevance",
"hierarchy",
"ambulance",
"socialism",
"satellite",
"explosion",
"happiness",
"geography",
"colleague",
"intensity",
"dimension",
"privilege",
"companion",
"guarantee",
"suspicion",
"portfolio",
"charlotte",
"pregnancy",
"architect",
"continent",
"detective",
"orchestra",
"workforce",
"dismissal",
"directory",
"adventure",
"processor",
"favourite",
"integrity",
"exclusion",
"publisher",
"breakdown",
"successor",
"fortnight",
"rejection",
"diversity",
"nightmare",
"sexuality",
"sensation",
"execution",
"historian",
"certainty",
"migration",
"hostility",
"affection",
"criterion",
"sculpture",
"incentive",
"objection",
"apartment",
"jewellery",
"applicant",
"emergence",
"fertility",
"testament",
"synthesis",
"precision",
"inclusion",
"abolition",
"telegraph",
"timetable",
"valuation",
"ignorance",
"salvation",
"restraint",
"apparatus",
"lifestyle",
"collector",
"discharge",
"prejudice",
"dominance",
"inability",
"appraisal",
"curiosity",
"signature",
"narrative",
"boyfriend",
"aluminium",
"invention",
"enjoyment",
"injection",
"encounter",
"copyright",
"threshold",
"rebellion",
"warehouse",
"exemption",
"vegetable",
"communism",
"offspring",
"magnitude",
"amusement",
"innocence",
"treasurer",
"commodity",
"principal",
"detection",
"lunchtime",
"clearance",
"viewpoint",
"patronage",
"detention",
"staircase",
"traveller",
"secretion",
"precedent",
"livestock",
"ambiguity",
"exchequer",
"assertion",
"workplace",
"container",
"indicator",
"retention",
"biography",
"courtyard",
"lightning",
"utterance",
"terrorist",
"limestone",
"placement",
"aerospace",
"developer",
"librarian",
"mainframe",
"manifesto",
"ceasefire",
"supporter",
"franchise",
"reservoir",
"gratitude",
"sacrifice",
"diarrhoea",
"repayment",
"testimony",
"artillery",
"economist",
"sanctuary",
"tolerance",
"thickness",
"maternity",
"macintosh",
"housework",
"induction",
"terrorism",
"aftermath",
"therapist",
"retrieval",
"hepatitis",
"probation",
"prototype",
"deception",
"organiser",
"fireplace",
"proximity",
"recipient",
"indemnity",
"farmhouse",
"guitarist",
"quotation",
"registrar",
"obsession",
"volunteer",
"broadcast",
"obedience",
"butterfly",
"petroleum",
"housewife",
"microwave",
"collision",
"rehearsal",
"abundance",
"conductor",
"peninsula",
"monastery",
"spectacle",
"pensioner",
"enclosure",
"injustice",
"deterrent",
"imitation",
"disbelief",
"sentiment",
"parameter",
"readiness",
"liquidity",
"communion",
"addiction",
"frankfurt",
"rationale",
"diplomacy",
"algorithm",
"guerrilla",
"surrender",
"moustache",
"greenbelt",
"diversion",
"honeymoon",
"accession",
"judiciary",
"deviation",
"reshuffle",
"inventory",
"offensive",
"aeroplane",
"endowment",
"centenary",
"physician",
"barrister",
"peasantry",
"infirmary",
"schoolboy",
half-"time",
"leukaemia",
"nutrition",
"madeleine",
"submarine",
"adjective",
"youngster",
"messenger",
"inference",
"forefront",
"moonlight",
"hurricane",
"paperwork",
"digestion",
"arrogance",
"nostalgia",
"coastline",
"parachute",
"performer",
"carbonate",
"battalion",
"violation",
"secondary",
"avoidance",
"spectator",
"amazement",
"carpenter",
"appellant",
"chronicle",
"multitude",
"presenter",
"wallpaper",
"phosphate",
"viability",
"agitation",
"underwear",
"arthritis",
"telescope",
"vibration",
"shortfall",
"plutonium",
"slaughter",
"elevation",
"editorial",
"annoyance",
"generator",
"pneumonia",
"riverside",
"perimeter",
"curvature",
"supremacy",
"paperback",
"imbalance",
"sovereign",
"austerity",
"hindsight",
"coherence",
"intrusion",
"manoeuvre",
"intuition",
"politburo",
"intellect",
"promenade",
"continuum",
"insertion",
"formality",
"caretaker",
"celebrity",
"workhouse",
"deduction",
"endeavour",
"mythology",
"alignment",
"manhattan",
"spotlight",
"attendant",
"highlight",
"excursion",
"waterfall",
"expulsion",
"pluralism",
"southeast",
"adherence",
"scripture",
"symbolism",
"modernism",
"vengeance",
"amplitude",
"partition",
ice-"cream",
"intestine",
"graveyard",
"brigadier",
"apartheid",
"morbidity",
hat-"trick",
"orthodoxy",
"checklist",
"potassium",
"depletion",
"blackness",
"mentality",
"wakefield",
"captivity",
"fisherman",
"pantomime",
"endoscopy",
"attribute",
"antiquity",
"stillness",
"astronomy",
"resonance",
"sandstone",
full-"back",
"hypocrisy",
"detriment",
"porcelain",
"splendour",
"protector",
"ingenuity",
"modernity",
"vandalism",
"normality",
"associate",
"amplifier",
"briefcase",
"remission",
"gastritis",
"overdraft",
"closeness",
"diffusion",
"dispersal",
"fragrance",
"animation",
"substrate",
"freelance",
"goldsmith",
"landowner",
"carcinoma",
"blueprint",
"underside",
"nightclub",
follow-"up",
"valentine",
"aggregate",
"pathology",
half-"hour",
"grassland",
"diligence",
"brutality",
"shorthand",
"fieldwork",
"margarine",
"inversion",
"onslaught",
"ombudsman",
"rectangle",
"periphery",
"mediation",
"emptiness",
"deference",
runner-"up",
"adulthood",
"cartridge",
"pesticide",
"endurance",
"equaliser",
"sweetness",
"sincerity",
"polythene",
"admiralty",
"blindness",
"causation",
"childcare",
"sharpness",
"brickwork",
"contender",
"regulator",
"activator",
"inception",
"greatness",
"catchment",
"stupidity",
"motorbike",
"statesman",
"affidavit",
"overthrow",
"syndicate",
"tiredness",
"crackdown",
"excretion",
"mortgagee",
"adrenalin",
"enrolment",
"corollary",
"pineapple",
"composure",
"corrosion",
"cricketer",
"blackmail",
"flotation",
"courtship",
"enactment",
"anonymity",
"portrayal",
"foreigner",
"emulation",
"underwood",
"physicist",
"clergyman",
"intercity",
"craftsman",
"arbitrage",
"chauffeur",
"symposium",
"polyester",
"collusion",
"navigator",
"prognosis",
"occupancy",
"reverence",
"detergent",
"ethnicity",
"crocodile",
"absurdity",
"midsummer",
"kilometre",
"allotment",
"guideline",
"spaghetti",
"dichotomy",
"parchment",
team-"mate",
"superstar",
"committal",
"precursor",
"greenwood",
"magnesium",
"waistcoat",
"camcorder",
"cessation",
"impedance",
"disregard",
"facsimile",
"overdrive",
"adversary",
"boardroom",
"northwest",
"peacetime",
"espionage",
"northeast",
"incumbent",
"casserole",
"histamine",
"statistic",
"stiffness",
"reversion",
"itinerary",
"obscurity",
"secession",
"labyrinth",
"immersion",
"abduction",
"militancy",
"heartbeat",
"watershed",
"animosity",
"menopause",
"interplay",
"disparity",
"commodore",
"clubhouse",
"badminton",
"qualifier",
"parenting",
"sacrament",
"eagerness",
"boulevard",
"shareware",
"obscenity",
"grievance",
"timescale",
"asymmetry",
"gestation",
"limelight",
"clientele",
"revulsion",
"patchwork",
"crossword",
"entourage",
"blackbird",
"peregrine",
"vigilance",
"affluence",
"organizer",
"capacitor",
"milestone",
"guildhall",
"semblance",
"freshness",
"cardboard",
"playgroup",
"playhouse",
"paralysis",
"moderator",
"thesaurus",
"dialectic",
"leasehold",
"foresight",
"francesca",
"benchmark",
"sportsman",
"resection",
"marmalade",
"horseback",
"treachery",
"repertory",
"hamstring",
"commotion",
"etiquette",
"rainwater",
"safeguard",
"sideboard",
"anthology",
"courtroom",
"psychosis",
"partridge",
"ayatollah",
"robemaker",
"stalemate",
"cameraman",
"biologist",
"pessimism",
"defection",
"projector",
"oxidation",
"husbandry",
"ingestion",
"ultimatum",
"patriarch",
"greyhound",
"longevity",
"demeanour",
"godfather",
"propriety",
"droppings",
"unanimity",
"captaincy",
"monograph",
"spaceship",
"posterity",
"connector",
"starboard",
"plurality",
"lightness",
"destroyer",
"appliance",
"orphanage",
"guarantor",
"holocaust",
"toughness",
"bandwagon",
"conqueror",
"mysticism",
"guidebook",
"inhibitor",
"impotence",
"depiction",
"bodyguard",
"trademark",
"gunpowder",
"governess",
"addressee",
"phonology",
"sclerosis",
"avalanche",
"informant",
"coalfield",
"handshake",
"stretcher",
"gymnasium",
"antipathy",
"interlude",
"whitehead",
"oversight",
"southwest",
"magnetism",
"newsagent",
"viscosity",
"seniority",
"profusion",
"firelight",
"primitive",
"raspberry",
"financier",
"hypertext",
"geologist",
"immediacy",
"eucharist",
"medallist",
"severance",
"adversity",
"godmother",
"columnist",
"scapegoat",
"cirrhosis",
"dashboard",
"hindrance",
"virginity",
self-"help",
"weariness",
"wasteland",
"feudalism",
"passivity",
"autograph",
"phenotype",
"melodrama",
"limousine",
"davenport",
"debenture",
"forecourt",
"presidium",
"alcoholic",
"stricture",
"cloakroom",
"hermitage",
"yardstick",
"actuality",
"goodnight",
"stonework",
"landslide",
"draftsman",
"surrogate",
"shoreline",
"bloodshed",
"dormitory",
"palladium",
"disrepute",
"barometer",
"candidacy",
"whiteness",
"monologue",
"nightfall",
self-"pity",
"perfusion",
"affiliate",
"whirlwind",
"propeller",
"astrology",
"diaphragm",
"pursuance",
"synagogue",
"midwinter",
"predation",
"wellbeing",
"blasphemy",
"desertion",
"seduction",
"shellfish",
"construct",
"influenza",
"gatehouse",
"ecosystem",
"consonant",
"cellulite",
"adoration",
"touchline",
trade-"off",
"accessory",
"heartland",
"cowardice",
"doctorate",
"horseshoe",
"metalwork",
"notoriety",
"cellulose",
"cremation",
"expedient",
"indecency",
"dandelion",
"tectonics",
"cognition",
"specialty",
"harshness",
"circuitry",
"bacterium",
"victorine",
"seclusion",
"abatement",
"anchorage",
"tracksuit",
"marijuana",
"fragility",
"grapevine",
"waterside",
"nightlife",
"atonement",
"concourse",
"armistice",
"converter",
"aerodrome",
"cafeteria",
"nakedness",
"signatory",
"socialist",
"deflation",
"histology",
"predicate",
"pushchair",
"custodian",
"assailant",
"ordinance",
"footprint",
"vagueness",
"hypocrite",
"woodhouse",
"glutamate",
"arkwright",
"anarchist",
"hairstyle",
"singleton",
"cytoplasm",
"mausoleum",
"crescendo",
"wholeness",
"inpatient",
"quietness",
"simulator",
"subsystem",
"patrician",
"headstock",
"shoemaker",
"paintwork",
"punchcard",
"countdown",
"freestyle",
"bishopric",
"electrode",
"iteration",
"refectory",
"formalism",
"dissident",
"acquittal",
"causality",
"dysplasia",
"tightness",
"caesarean",
"darwinism",
"clockwork",
"falsehood",
"rearguard",
"aetiology",
"penthouse",
"waistband",
"manometry",
"residency",
"showpiece",
"womanhood",
"riverbank",
"whirlpool",
"consulate",
"minefield",
"violinist",
"eloquence",
"shrinkage",
"evocation",
"cartilage",
"martyrdom",
"purgatory",
"confessor",
"quarterly",
so-and-"so",
"clipboard",
"humankind",
"turntable",
"pretender",
"accretion",
"asparagus",
"extremity",
"tributary",
"ballerina",
"frankness",
"predictor",
"cosmology",
"dexterity",
"dictation",
"stairwell",
"worksheet",
"surcharge",
"mistletoe",
"deuterium",
"microfilm",
"backbench",
"aggressor",
"hardboard",
"dispenser",
"decorator",
"reticence",
"crossover",
"photocopy",
"unreality",
"manganese",
"shortlist",
"rootstock",
"rightness",
"signifier",
"cavendish",
"hamburger",
"extortion",
"oestrogen",
passer-"by",
"tradesman",
"hydroxide",
"autocracy",
"midwifery",
"decadence",
"microcosm",
"narration",
"catechism",
"auxiliary",
"excrement",
"increment",
"whitewash",
"workgroup",
"damnation",
"parentage",
"bannister",
"rendition",
"ascension",
"boathouse",
"chieftain",
"celluloid",
"bandwidth",
"touchdown",
"guesswork",
"bombshell",
"hairdryer",
"indignity",
"patrimony",
"attrition",
"adulation",
"communist",
"immigrant",
shoot-"out",
"methodism",
"barbarism",
"clampdown",
"serotonin",
"petticoat",
"notepaper",
"watergate",
"methodist",
"timeshare",
"shorthorn",
"ploughman",
"scoreline",
"belvedere",
"longitude",
"dizziness",
"storyline",
"fortitude",
"toothache",
